Category,Scientific Name,Hebrew Name
פרפרים,Euchloe aegyptiaca,ירוק־כנף מצרי
פרפרים,Euchloe falloui,ירוק-כנף המוריקה
פרפרים,Allancastria deyrollei,צבעוני צהבהב
פרפרים,Zerynthia cerisy,צבעוני קשוט
פרפרים,Elphinstonia charlonia,ירוק-כנף צהבהב
פרפרים,Cigaritis cilissa,נחושתן-נמלים גלילי
פרפרים,Borbo borbonica,הספרית ביצות
פרפרים,Belenois aurota,לבנין משויש
פרפרים,Gegenes nostrodamus,הספרית עשב
פרפרים,Hypolimnas misippus,נימפית הרגלה
פרפרים,Hyponephele lupinus,סטירית סומית
פרפרים,Papilio saharae,זנב-סנונית מדברי
פרפרים,Turanana panagea,תכול-כנף נקוד
פרפרים,Iolaus glaucus,תכלתן ההרנוג
פרפרים,Junonia hierta,נימפית הריסן
פרפרים,Polyommatus eurypilus,כחליל הכרבולת
פרפרים,Cigaritis acamas,נחושתן-נמלים מפוספס
פרפרים,Luthrodes galba,כחליל הקטנית
פרפרים,Quercusia quercus,אלוני סגול
פרפרים,Callophrys rubi,ירוקי אירופי
פרפרים,Polyommatus juno,כחליל החרמון
פרפרים,Plebejus loewii,כחליל לואי
פרפרים,Kretania nichollae,כחליל ניקול
פרפרים,Cyaniris semiargus,כחליל חינני
פרפרים,Plebejus cleopatra,כחליל קלאופטרה
פרפרים,Plebeius philbyi,כחליל ערבתי
פרפרים,Luthrodes pandava,כחליל הציקס
פרפרים,Aricia crassipuncta,כחליל מאפיר
פרפרים,Tarucus rosacea,כחלון השיזף
פרפרים,Anthocharis gruneri,כתום-כנף הדו-פרית
פרפרים,Anthocharis damone,כתום-כנף צהוב
פרפרים,Pieris napi,לבנין מעורק
פרפרים,Colias aurorina,צהבוני הלבנון
פרפרים,Hesperia nomas,אפורית מלבינה
פרפרים,Muschampia proteides lycaonius,אפורית חלודית
פרפרים,Muschampia proto,אפורית אירופית
פרפרים,Melitaea arduinna,כתמית הדרדר
פרפרים,Melitaea deserticola,כתמית מדברית
פרפרים,Melitaea collina,כתמית צפונית
פרפרים,Carcharodus orientalis,אפורית המכבים
פרפרים,Thymelicus acteon,נחושת השעורה
פרפרים,Thymelicus hyrax,נחושה נאה
פרפרים,Aglais urticae,נימפית החרמון
פרפרים,Thymelicus lineola,נחושת החיטה
פרפרים,Fabriciana niobe,כתמית הסיגל
פרפרים,Carcharodus stauderi,אפורית הגלונית
פרפרים,Nymphalis polychloros,נימפית מגוונת
פרפרים,Satyrus ferula,סטירית מפויחת
פרפרים,Pyrgus serratulae,אפורית החמשן
פרפרים,Pseudochazara thelephassa,סטירית מערות
פרפרים,Elphinstonia penia,ירוק-כנף המנתור
פרפרים,Anthene amarah,שיטן אילתי
פרפרים,Aricia isaurica,כחליל חיוור
פרפרים,Gomalia elma,אפורית האבוטילון
פרפרים,Polygonia c-album,נימפית טוביה
פרפרים,Colias croceus,צהבוני התלתן
פרפרים,Limenitis reducta,אצילית היערה
פרפרים,Papilio machaon,זנב סנונית נאה
פרפרים,Papilio demoleus,זנב סנונית הלימון
פרפרים,Papilio alexanor,זנב סנונית המכבים
פרפרים,Pararge aegeria,חומית מנומרת
פרפרים,Hesperia comma,נחושה לבנת-כתמים
פרפרים,Thymelicus sylvestris,נחושת הנשרן
פרפרים,Lycaena,נחושתן זהוב
פרפרים,Lycaena phlaeas,נחושתן הארכובית
פרפרים,Spialia phlomidis,נקדית החרמון
פרפרים,Spialia sertorius,נקדית הורדיים
פרפרים,Vanessa cardui,נימפית החורשף
פרפרים,Vanessa atalanta,נמפית הסרפד
פרפרים,Melitaea cinxia,כתמית הוורוניקה
פרפרים,Melitaea trivia,כתמית הבוצין
פרפרים,Damora pandora,כתמית פנדורה
פרפרים,Melitaea telona,כיתמית אריאל
פרפרים,Spialia doris,נקדית החבלבל
פרפרים,Iphiclides podalirius,סנוניתן הוורדיים
פרפרים,Lasiommata maera,חומית היבלית
פרפרים,Pseudochazara pelopea,סטירית חרמונית
פרפרים,Hyponephele lycaon,סטירית חיוורת
פרפרים,Chazara persephone,סטירית טלואה
פרפרים,Lasiommata megera,חומית הציבורת
פרפרים,Hipparchia fatua,סטירית אפלה
פרפרים,Maniola telmessia,סטירית פקוחה
פרפרים,Zerynthia deyrollei,צבעוני צהוב
פרפרים,Archon apollinus,צבעון שקוף
פרפרים,Tomares nesimachus,צמריר הקדד
פרפרים,Aporia crataegi,רשתן העוזרר
פרפרים,Danaus chrysippus,דנאית הדורה
פרפרים,Colotis fausta,דרומי הצלף
פרפרים,Pelopidas thrax,הספרית הדוחן
פרפרים,Gegenes pumilio,הספרית שחורה
פרפרים,Catopsilia florella,הגרן הסנא
פרפרים,Tarucus balkanica,כחלון הבלקן
פרפרים,Cacyreus marshalli,כחלון הפלרגון
פרפרים,Azanus ubaldus,כחלון השיטה
פרפרים,Leptotes pirithous,כחלון האספסת
פרפרים,Thersamonia thersamon,נחושתן החומעה
פרפרים,Lampides boeticus,כחלון האפון
פרפרים,Plebejus amanda,כחליל הבקיה
פרפרים,Zizeeria karsandra,כחלון הקוטב
פרפרים,Polyommatus icarus,כחליל השברק
פרפרים,Pseudophilotes baton,תכליל האזוב
פרפרים,Nordmannia ilicis,שעיר האלון
פרפרים,Plebejidea loewi,כחליל המדבר
פרפרים,Azanus jesous,כחלון הינבוט
פרפרים,Lycaena asabinus,נחושתן מזרחי
פרפרים,Anthocharis cardamines,כתום-כנף המצילתיים
פרפרים,Melitaea acentria,כתמית החרמון
פרפרים,Melitaea didyma,כתמית הלבנון
פרפרים,Issoria lathonia,כתמית פנינים
פרפרים,Celastrina argiolus,תכול-כנף קיסוסי
פרפרים,Iolana alfierii,קרקשי הסנה
פרפרים,Satyrium myrtale,שעיר הדובדבן
פרפרים,Satyrium abdominalis,שעיר השקד
פרפרים,Tuttiola spini,שעיר האשחר
פרפרים,Parnassius mnemosyne,שילגן חרמוני
פרפרים,Melanargia titea,אביבית משויישת
פרפרים,Carcharodus alceae,אפורית החלמית
פרפרים,Erynnis marloyi,אפורית אפלולית
פרפרים,Colotis phisadia,דרומי הסלודורה
פרפרים,Pieris rapae,לבנין הצנון
פרפרים,Pontia daplidice,לבנין הרכפה
פרפרים,Pontia glauconome,לבנין הרכפתן
פרפרים,Pieris brassicae,לבנין הכרוב
פרפרים,Euchloe ausonia,ירוק-כנף טלוא
פרפרים,Euchloe belemia,ירוק-כנף מפוספס
פרפרים,Gonepteryx cleopatra,לימוני האשחר
פרפרים,Gonepteryx rhamni,לימוני אירופי
פרפרים,Gonepteryx farinosa,לימונית החרמון
פרפרים,Pyrgus melotis,אפורית מזרחית
פרפרים,Junonia orithya,נימפית כחולה
פרפרים,Aricia agestis,כחליל הגרניון
פרפרים,Ypthima asterope,טבעית זוטית
פרפרים,Hipparchia pisidice,סטירית סיני
פרפרים,Pseudophilotes abencerragus,תכליל נבטי
פרפרים,Freyeria trochylus,כחליל מקושט
פרפרים,Glaucopsyche alexis,כחליל הדבשה
פרפרים,Melitaea phoebe,כתמית אירופית
פרפרים,Kirinia roxelana,חומנית עינונית
פרפרים,Maniola jurtina,סטירית הקיץ
פרפרים,Catopsilia pyranthe,Mottled Emigrant
פרפרים,Melitaea persea,נימפית פרסית
פרפרים,Deudorix livia,כחליל הרימון
פרפרים,Zegris eupheme,כתום-קצה מדברי
פרפרים,Polygonia egea,נימפית משוננת
פרפרים,Charaxes jasius,קיסרית הקטלב
פרפרים,Brephidium exilis,Western Pygmy-Blue
פרפרים,Philareta treitschkii,פילרטה טרייטשקיי
פרפרים,Colotis chrysonome,דרומי המרואה
חרקים אחרים,Earias insulana,זיפית הכותנה
חרקים אחרים,Zeuzera pyrina,ססעץ מנומר
חרקים אחרים,Oiketicoides jordana,ססתיק פרוע
חרקים אחרים,Phalacropterix bruandi,ססתיק שחור-חזה
חרקים אחרים,Zygaena olivieri,ססמבריק הלבנון
חרקים אחרים,Zygaena graslini,ססמבריק אדמוני
חרקים אחרים,Acherontia atropos,רפרף גולגולת המת
חרקים אחרים,Agrius convolvuli,רפרף החבלבל
חרקים אחרים,Theretra alecto,רפרף הגפן
חרקים אחרים,Macroglossum stellatarum,רפרף הדבקה
חרקים אחרים,Daphnis nerii,רפרף ההרדוף
חרקים אחרים,Marumba quercus,רפרף האלון
חרקים אחרים,Hippotion celerio,רפרף כסוף-קו
חרקים אחרים,Hyles livornica,רפרף מסורטט
חרקים אחרים,Phthorimaea absoluta,עש מנהרות העגבנייה
חרקים אחרים,Thaumetopoea solitaria,תהלוכן האלה
חרקים אחרים,Pachypasa otus,טוואי הברוש
חרקים אחרים,Thaumetopoea processionea,תהלוכן האלון
חרקים אחרים,Bufoidia ledereri,טוואי אפרפר
חרקים אחרים,Orgyia dubia,טוואית הארכובית
חרקים אחרים,Lasiocampa grandis,טוואי גדול
חרקים אחרים,Amata mestralii,ברדן בוהק
חרקים אחרים,Spodoptera cilium,גדודנית הדגן
חרקים אחרים,Spodoptera littoralis,גדודנית פרודניה
חרקים אחרים,Spodoptera exigua,גדודנית לפיגמה
חרקים אחרים,Acherontia styx,גולגולת-מת מזרחית
חרקים אחרים,Olepa ricini,דובון הקיקיון
חרקים אחרים,Ocnogyna loewii,דובון אביב
חרקים אחרים,Paidia cinerascens,דובון אפרפר
חרקים אחרים,Cymbalophora oertzeni,דובון מנומר
חרקים אחרים,Utetheisa pulchella,דובון יפהפה
חרקים אחרים,Duponchelia fovealis,עש הרקפת
חרקים אחרים,Phereoeca uterella,עש הבית
חרקים אחרים,Cydia pomonella,עש התפוח
חרקים אחרים,Thaumatotibia leucotreta,עש התפוח המדומה
חרקים אחרים,Lobesia botrana,עש האשכול
חרקים אחרים,Palpita vitrealis,עש היסמין
חרקים אחרים,Ectomyelois ceratoniae,עש החרוב
חרקים אחרים,Uresiphita gilvata,עשנור הרותם
חרקים אחרים,Plodia interpunctella,עש הקמח ההודי
חרקים אחרים,Plutella xylostella,עשית המצליבים
חרקים אחרים,Chrysodeixis chalcites,פלוסית זהובה
חרקים אחרים,Autographa gamma,פלוסית גמה
חרקים אחרים,Cucullia calendulae,תנשמית ציפורני חתול
חרקים אחרים,Acronicta rumicis,תנשמית החומעה
חרקים אחרים,Catocala elocata,תנשמית הצפצפה
חרקים אחרים,Olivenebula subsericata,תנשמית העוזרר
חרקים אחרים,Helicoverpa armigera,תנשמית האביב
חרקים אחרים,Heliothis peltigera,תנשמית המורכבים
חרקים אחרים,Hypena lividalis,תנשמית עשנורית
חרקים אחרים,Euchalcia paulina,תנשמית פאולוס
חרקים אחרים,Episema tamardayanae,תנשמית תמר
חרקים אחרים,Acronicta aceris,תנשמית יהודה
חרקים אחרים,Thaumetopoea wilkinsoni,תהלוכן האורן
חרקים אחרים,Saturnia pyri,שבתאי השקד
חרקים אחרים,Agrotis segetum,אגרוטיס השורשים
חרקים אחרים,Noctua pronuba,אגרוטיס כתום
חרקים אחרים,Scopula luridata,מודד צהוב
חרקים אחרים,Larentia clavaria,מודד החלמית
חרקים אחרים,Proteuchloris neriaria,מודד הבלקן
חרקים אחרים,Zamarada torrida,מודד השיטים
חרקים אחרים,Rhodometra sacraria,מודד הארכוביות
חרקים אחרים,Ascotis selenaria,מודד האבוקדו
חרקים אחרים,Problepsis ocellata,מודד עינוני
חרקים אחרים,Selidosema combustaria,מודד פאולוס
חרקים אחרים,Apochima flabellaria,מודד קיפודי
חרקים אחרים,Ctenoplusia accentifera,קטנופלוסיה אקסנטיפרה
חרקים אחרים,Tathorhynchus exsiccata,טאתורינכוס אקסיקטה
חרקים אחרים,Cadra cautella,קדרה קאוטלה
חרקים אחרים,Phlogophora meticulosa,פלוגופורה מטיקולוסה
חרקים אחרים,Agrochola lychnidis,אגרוקולה ליכנידיס
חרקים אחרים,Amblyptilia acanthadactyla,אמבליפטילייה אקנתדקטילה
חרקים אחרים,Loxostege sticticalis,לוקסוסטגה סטיקטיקליס
חרקים אחרים,Aporophyla nigra,אפורופילה ניגרה
חרקים אחרים,Garella nilotica,גארלה נילוטיקה
חרקים אחרים,Cyclophora puppillaria,ציקלופורה פופילריה
חרקים אחרים,Hypena obsitalis,היפנה אובסיטליס
חרקים אחרים,Idaea ochrata,אידאה אוכרטה
חרקים אחרים,Trichoplusia ni,טריכופלוסיה ני
חרקים אחרים,Tinea pellionella,טינאה פליונלה
חרקים אחרים,Atethmia centrago,אתתמיה צנטראגו
חרקים אחרים,Cucullia chamomillae,קוקוליה כממילה
חרקים אחרים,Bryotropha terrella,בריוטרופה טרלה
חרקים אחרים,Phyllocnistis citrella,פילוקניסטיס ציטרלה
חרקים אחרים,Hypsopygia costalis,היפסופוגיה קוסטליס
חרקים אחרים,Gypsonoma dealbana,גיפסונומה דיאלבנה
חרקים אחרים,Blastesthia tessulatana,עשפרי הברוש
חרקים אחרים,Epicallia villica,דובון החורש
חרקים אחרים,Agrotis trux,אגרוטיס טרוקס
חרקים אחרים,Leucania putrescens,לוקניה פוטרסנס
חרקים אחרים,Collita griseola,איילמה גריסאולה
חרקים אחרים,Gymnoscelis rufifasciata,גימנוסליס רופיפסיאטה
חרקים אחרים,Endothenia oblongana,אנדותניה אובלונגנה
חרקים אחרים,Tephronia sepiaria,טפרוניה ספיאריה
חרקים אחרים,Heliothis nubigera,הליאוטיס נוביגרה
חרקים אחרים,Cornutiplusia circumflexa,קורנוטיפלוסיה סירקומפלקסה
חרקים אחרים,Ostrinia nubilalis,נובר התירס האירופי
חרקים אחרים,Tyta luctuosa,טיטה לוקטואוסה
חרקים אחרים,Oegoconia quadripuncta,אגוקוניה מרובעת
חרקים אחרים,Xanthorhoe fluctuata,קסנתורה פלוקטטה
חרקים אחרים,Anania verbascalis,אנניה ורבסקליס
חרקים אחרים,Herpetogramma licarsisalis,הרפטוגרמה ליקרסיסליס
חרקים אחרים,Agrotis bigramma,אגרוטיס ביגרמה
חרקים אחרים,Galleria mellonella,עש השעווה הגדול
חרקים אחרים,Ophiusa tirhaca,אופיוסה טירקא
חרקים אחרים,Adscita statices,אדסקיטה סטטיקס
חרקים אחרים,Agrotis spinifera,אגרוטיס ספיניפרה
חרקים אחרים,Agrotis catalaunensis,אגרוטיס קטלאוננסיס
חרקים אחרים,Spoladea recurvalis,ספולאדאה רקורבליס
חרקים אחרים,Nemophora fasciella,נמופורה פסיאלה
חרקים אחרים,Pyrausta testalis,הודברטיה טסטליס
חרקים אחרים,Acanthovalva inconspicuaria,אקנתובלבה אינקונספיקואריה
חרקים אחרים,Agrotis ipsilon,אגרוטיס איפסילון
חרקים אחרים,Pseudoterpna coronillaria,פסאודוטרפנה קורונילריה
חרקים אחרים,Euplagia quadripunctaria,יופלגיה קוואדריפונקטריה
חרקים אחרים,Dysgonia torrida,דיסגוניה טוררידה
חרקים אחרים,Lantanophaga pusillidactylus,לנטנופגה פוסילדקטילוס
חרקים אחרים,Batia lunaris,בטיה לונריס
חרקים אחרים,Achroia grisella,עש הדונג הקטן
חרקים אחרים,Agrotis cinerea,אגרוטיס סינראיה
חרקים אחרים,Eupithecia centaureata,אופיטסיה צנטאוראטה
חרקים אחרים,Cydia splendana,צידיה ספלנדנה
חרקים אחרים,Pyralis farinalis,עש הקמח
חרקים אחרים,Pyrausta aurata,פיראוסטה אורטה
חרקים אחרים,Emmelina monodactyla,עשנוצית החבלבל
חרקים אחרים,Cucullia verbasci,תנשמית הבוצין
חרקים אחרים,Hellula undalis,הלולה אונדליס
חרקים אחרים,Peribatodes umbraria,פריבטודס אומברריה
חרקים אחרים,Achyra nudalis,אכירה נודליס
חרקים אחרים,Spodoptera litura,ספודופטרה ליטורה
חרקים אחרים,Hydriris ornatalis,הידריריס אורנטליס
חרקים אחרים,Acontia lucida,אקונטיה לוסידה
חרקים אחרים,Chloantha hyperici,כלאונתה היפריסי
חרקים אחרים,Anarsia lineatella,אנרסיה ליניאטלה
חרקים אחרים,Eublemma cochylioides,אובלמה קוכילואידס
חרקים אחרים,Pechipogo plumigeralis,Plumed Fan-foot
חרקים אחרים,Idaea degeneraria,Portland Ribbon Wave
חרקים אחרים,Phragmataecia castaneae,ססעץ הקנים
חרקים אחרים,Isturgia exerraria,איסטורגיה אקסרריה
חרקים אחרים,Endotricha flammealis,אנדוטריכה פלממליס
חרקים אחרים,Oncocera semirubella,אונקוצרה סמירובלה
חרקים אחרים,Phragmatobia fuliginosa,פרגמטובייה פוליגינוזה
חרקים אחרים,Nomophila noctuella,נומופילה נוקטואלה
חרקים אחרים,Udea ferrugalis,אודאה פרוגינליס
חרקים אחרים,Idaea inquinata,אידאה אינקווינאטה
חרקים אחרים,Idaea subsericeata,אידאה סובסריקטטה
חרקים אחרים,Pyrausta sanguinalis,פיראוסטה סנגווינליס
חרקים אחרים,Antigastra catalaunalis,אנטיגסטרה קטלאונליס
חרקים אחרים,Agrotis puta,אגרוטיס פוטה
חרקים אחרים,Thysanoplusia orichalcea,טיסנופלוסיה אוריכלקאה
חרקים אחרים,Scopula imitaria,סקופולה אימיטריה
חרקים אחרים,Eublemma parva,אובלמה קטנה
חרקים אחרים,Agrotis herzogi,אגרוטיס הרצוגי
חרקים אחרים,Earias biplaga,איאריס ביפלגה
חרקים אחרים,Lymantria dispar,טוואית האלון
חרקים אחרים,Acontia trabealis,אקונטיה טרבאליס
חרקים אחרים,Phyllonorycter blancardella,פילונוריקטר בלנקארדלה
חרקים אחרים,Xestia xanthographa,קססטיה קסנתוגרפה
חרקים אחרים,Cynaeda dentalis,צינאדה דנטליס
חרקים אחרים,Aglossa caprealis,אגלוסה קפריאליס
חרקים אחרים,Vittaplusia vittata,ויטאפלוסיה ויטאטה
חרקים אחרים,Esperia sulphurella,אספריה סולפורלה
חרקים אחרים,Chiasmia aestimaria,כיאסמיה אסטימריה
חרקים אחרים,Eutelia adulatrix,אאוטליה אדולטריקס
חרקים אחרים,Leucania loreyi,לוקניה לוריי
חרקים אחרים,Dysgonia algira,דיסגוניה אלגירה
חרקים אחרים,Lamoria anella,עשנור התפוח
חרקים אחרים,Myelois circumvoluta,מיילואיס סירקומבולוטה
חרקים אחרים,Pyralis manihotalis,פירליס מניהוטליס
חרקים אחרים,Grammodes bifasciata,גרמוודס ביפסיאטה
חרקים אחרים,Pseudozarba bipartita,פסאודוזרבה ביפרטיטה
חרקים אחרים,Synclera traducalis,סינקלרה טרדוקליס
חרקים אחרים,Ethmia bipunctella,אתמיה ביפונקטלה
חרקים אחרים,Mythimna unipuncta,מיתימנה יוניפונקטה
חרקים אחרים,Peribatodes rhomboidaria,פריבטודס רומבוידריה
חרקים אחרים,Aspitates ochrearia,אספיטטס אוקרריה
חרקים אחרים,Achlya flavicornis,אכליה פלביקורניס
חרקים אחרים,Evergestis isatidalis,אברגסטיס איסאטידליס
חרקים אחרים,Aglossa aglossalis,אגלוסה אגלוסליס
חרקים אחרים,Agrotis pierreti,אגרוטיס פיירטי
חרקים אחרים,Agriphila beieri,אגריפילה ביירי
חרקים אחרים,Eublemma siticuosa,אובלמה אלבינה
חרקים אחרים,Odites kollarella,אודיטס קולרלה
חרקים אחרים,Euzophera osseatella,אוזופרה אוסאטלה
חרקים אחרים,Euzophera lunulella,אוזופרה לונוללה
חרקים אחרים,Oiketicoides lutea,ססתיק צהוב
חרקים אחרים,Euchromius bella,אוכרומיוס בלה
חרקים אחרים,Euchromius superbella,אוכרומיוס סופרבלוס
חרקים אחרים,Euchromius cambridgei,אאוכרומיוס קמברידג`אי
חרקים אחרים,Euchromius ramburiellus,אוכרומיוס רמבוריאלוס
חרקים אחרים,Eumannia fumosata,אומניה פומוסטה
חרקים אחרים,Eumera turcosyrica,אומרה טורקוסוריקה
חרקים אחרים,Usgentia vespertalis,אוסגנטיה וספרטליס
חרקים אחרים,Eupithecia extremata,אופיטסיה אקסטרמטה
חרקים אחרים,Eupithecia syriacata,אופיטסיה סיריאקטה
חרקים אחרים,Earias syriacana,איאריס סיריאקנה
חרקים אחרים,Idaea intermedia,אידאה אינטרמדיה
חרקים אחרים,Idaea infirmaria,אידאה אינפרמריה
חרקים אחרים,Idaea inclinata,אידאה אינקלינטה
חרקים אחרים,Idaea affinitata,אידאה אפיניטטה
חרקים אחרים,Idaea distinctaria,אידאה דיסטינקטריה
חרקים אחרים,Idaea longaria,אידאה לונגריה
חרקים אחרים,Idaea palaestinensis,אידאה פלשתינאית
חרקים אחרים,Idaea consanguinaria,אידאה קונסנגווינריה
חרקים אחרים,Muscula muscula,איילמה מוסקולה
חרקים אחרים,Isturgia berytaria,איסטורגיה בריטריה
חרקים אחרים,Isturgia disputaria,איסטורגיה דיספוטריה
חרקים אחרים,Albarracina warionis,טוואית השרביטן
חרקים אחרים,Alophia combustella,אלופיה קומבוסטלה
חרקים אחרים,Ematheudes punctellus,אמאתאודס פונקטלה
חרקים אחרים,Amblypalpis olivierella,עשבחנין הכישור
חרקים אחרים,Amicta quadrangularis,ססתיק מרובע
חרקים אחרים,Ancylosis convexella,אנצילוזיס קונבקסה
חרקים אחרים,Ancylolomia palpella,אנצילולומיה פלפלה
חרקים אחרים,Ancylolomia pectinatella,אנצילולומיה פקטינטלוס
חרקים אחרים,Acidaliastis micra,אסידאליאסטיס מיקרה
חרקים אחרים,Arenipses sabella,אפומיה סבלה
חרקים אחרים,Aporodes floralis,אפורודס פלורליס
חרקים אחרים,Aporophyla canescens,אפורופילה קנסנס
חרקים אחרים,Episema glaucina,אפיסמה גלאוסינה
חרקים אחרים,Epicallima icterinella,אפיקלימה איקטרינלה
חרקים אחרים,Acrobasis glaucella,אקרובסיס פלואלה
חרקים אחרים,Acrobasis romanella,אקרובסיס רומנלה
חרקים אחרים,Acronicta pasiphae,אקרוניקטה פסיפאה
חרקים אחרים,Atethmia ambusta,אתתמיה אמבוסטה
חרקים אחרים,Boursinia discordans,בורסיניה דיסקורדנס
חרקים אחרים,Bifascioides leucomelanella,ביפסקיואידס לאוקומלנלה
חרקים אחרים,Bembecia stiziformis,במבציה סטיזיפורמיס
חרקים אחרים,Bryophila tephrocharis,בריופילה טפרוכאריס
חרקים אחרים,Bryophila rectilinea,בריופילה רקטילינאה
חרקים אחרים,Brachyglossina purpureomarginata,ברכיגלוסינה פורפוראומארגינטה
חרקים אחרים,Grammodes boisdeffrii,גרמוודס בואסדפרי
חרקים אחרים,Dolicharthria bruguieralis,דוליכארתריה ברוגייראליס
חרקים אחרים,Dolicharthria daralis,דוליכארתריה דארליס
חרקים אחרים,Dattinia guttosalis,דטיניה גוטוזליס
חרקים אחרים,Dysauxes punctata,דיסאוקסס פמולה
חרקים אחרים,Gnophos sartata,מודד אפלולי
חרקים אחרים,Dasycorsa modesta,דסיקורסה מודסטה
חרקים אחרים,Hypotia corticalis,היפוטיה קורטיקליס
חרקים אחרים,Watsonalla uncinula,ווטסונלה אוניקולה
חרקים אחרים,Zebeeba falsalis,זבבה פלסאליס
חרקים אחרים,Zygaena brizae,זיגנה בריזאה
חרקים אחרים,Zekelita ravalis,זקליטה רבליס
חרקים אחרים,Zethes insularis,זתס אינסולריס
חרקים אחרים,Tegostoma baphialis,טגוסטומה בפילס
חרקים אחרים,Teinoptera gafsana,טיינופטרה גפסנה
חרקים אחרים,Trichophaga bipartitella,טריכופגה ביפרטיטלה
חרקים אחרים,Euproctis fasciata,יופרוקטיס סוזנה
חרקים אחרים,Choreutis aegyptiaca,כוראוטיס אגיפטיאקה
חרקים אחרים,Choreutis sexfasciella,כוראוטיס סקספסיאלה
חרקים אחרים,Chamaesphecia chalciformis,כמספציה חלקיפורמיס
חרקים אחרים,Chamaesphecia masariformis,כמספציה מסריפורמיס
חרקים אחרים,Charissa subtaurica,כריסה סובטאוריקה
חרקים אחרים,Leucochlaena jordana,לאוקוכלאנה ירדנית
חרקים אחרים,Leucochlaena muscosa,לאוקוכלאנה מוסקוסה
חרקים אחרים,Loryma egregialis,Pied Tabby
חרקים אחרים,Lithostege palaestinensis,ליתוסטגה פלשתינאית
חרקים אחרים,Lithophane lapidea,ליתופנה לפידאה
חרקים אחרים,Lasiocampa josua,טוואי יהושע
חרקים אחרים,Lasiocampa terreni,לסיאוקמפה טרני
חרקים אחרים,Meganola togatulalis,מגנולה טוגטולליס
חרקים אחרים,Metachrostis velox,מטאכרוסטיס וולוקס
חרקים אחרים,Metasia rosealis,מטאסיה רוזאליס
חרקים אחרים,Mattia callidaria,מטיאה קלידריה
חרקים אחרים,Microloxia herbaria,מיקרולוקסיה הרבריה
חרקים אחרים,Micronola wadicola,מיקרונולה ואדיקולה
חרקים אחרים,Micropterix elegans,מיקרופטריקס אלגנס
חרקים אחרים,Micropterix berytella,מיקרופטריקס בריטלה
חרקים אחרים,Mythimna languida,מיתימנה לנגווידה
חרקים אחרים,Mesophleps corsicella,מסופלפס קורסיקלה
חרקים אחרים,Merulempista turturella,מרולמפיסטה טורטורלה
חרקים אחרים,Nola infantula,נולה אינפנטולה
חרקים אחרים,Neromia pulvereisparsa,נרומיה פולוורייזפרסה
חרקים אחרים,Sazonia fenusaeformis,סזוניה פנוסאפורמיס
חרקים אחרים,Stathmopoda auriferella,סטאתמופודה אוריפרלה
חרקים אחרים,Stilbina hypaenides,סטילבינה היפנידס
חרקים אחרים,Cybalomia pentadalis,סיבלומיה פנטדליס
חרקים אחרים,Symmoca signatella,סימוקה סיגנטלה
חרקים אחרים,Synanthedon stomoxiformis,סיננתדון סטומקסיפורמיס
חרקים אחרים,Synaphe morbidalis,סינפה מורבידליס
חרקים אחרים,Scopula minorata,סקופולה מינורטה
חרקים אחרים,Scythris flabella,סקיתריס פלבלה
חרקים אחרים,Chlorissa etruscaria,פאיוגרמה אטרוסקריה
חרקים אחרים,Phaiogramma faustinata,פאיוגרמה פאוסטנטה
חרקים אחרים,Phaselia deliciosaria,פאסליה דליסיוסריה
חרקים אחרים,Polymixis ivanchiki,פולימיקסיס איוונטשיקי
חרקים אחרים,Polymixis trisignata,פולימיקסיס טריסיגנטה
חרקים אחרים,Polymixis serpentina,פולימיקסיס סרפנטינה
חרקים אחרים,Furcula interrupta,דו זיפן הצפצפה
חרקים אחרים,Pterophorus ischnodactyla,פטרופורוס אישנודקטילוס
חרקים אחרים,Pyroderces argyrogrammos,פירודרסס ארגירוגרמוס
חרקים אחרים,Pyropteron jordanicum,פירופטרון ירדני
חרקים אחרים,Pelochrista labyrinthicana,פלוכריסטה לבירינטיקנה
חרקים אחרים,Palumbina guerinii,פלומבינה גריני
חרקים אחרים,Phalonidia contractana,פלונידיה קונטרקטנה
חרקים אחרים,Plecoptera reflexa,פלקופטרה רפלקסה
חרקים אחרים,Psorosa tergestella,פסאודואקרובסיס טרסגסטלה
חרקים אחרים,Pseudopanthera syriacata,פסאודופנתרה סיריאקטה
חרקים אחרים,Pseudenargia deleta,פסאודנרגיה דלטה
חרקים אחרים,Pericyma albidentaria,פריסימה אלבידנטריה
חרקים אחרים,Pericyma squalens,פריסימה סקוואלנס
חרקים אחרים,Parapoynx affinialis,פרפוינקס אפיניאליס
חרקים אחרים,Cerocala sana,צרוקלה סנה
חרקים אחרים,Cornifrons ulceratalis,קורניפרונס אולצרטליס
חרקים אחרים,Catocala eutychea,קטוקלה אוטיכאה
חרקים אחרים,Catarhoe hortulanaria,קטרואה הורטולנריה
חרקים אחרים,Catarhoe mosulensis,קטרואה מוסולנסיס
חרקים אחרים,Cleonymia chabordis,קלאונימיה חבורדיס
חרקים אחרים,Clytie infrequens,קליטיה אינפרקוונס
חרקים אחרים,Clytie syriaca,קליטיה סוריאקה
חרקים אחרים,Clepsis burgasiensis,קלפסיס בורגסיאנסס
חרקים אחרים,Nebula salicata,קנוטפריה אבולוטריה
חרקים אחרים,Casama innotata,טוואית הינבוט
חרקים אחרים,Xestia palaestinensis,קססטיה פלשתינאית
חרקים אחרים,Crocallis tusciaria,קרוקליס טוסקיאריה
חרקים אחרים,Cryptoblabes gnidiella,קריפטובלבאס גנידיאלה
חרקים אחרים,Rhabdophera arefacta,רבדוסטרופיה ארפקטה
חרקים אחרים,Rhodostrophia tabidaria,רודוסטרופיה דיסקופונקטטה
חרקים אחרים,Reisserita latiusculella,רייזרריטה לטיוסקוללה
חרקים אחרים,Theresimima ampellophaga,תרסימימה אמפלופגה
