user_login,group
nehorai,student
yoav_matmon,student
shelly_biran,student
karnicuri,student
daphna4,student
ziv80379,student
tal80225,student
guy_benmoshe,student
avital12345,student
aylon,student
oria4,student
ronmel4,student
alon7892,student
lihib1,student
adir123,student
hilla_dinerman,student
tamar_keren,student
inbar7,student
arielbetesh,student
dariapierart,student
romi0523809014,student
noga1_,student
gavri10,student
yoav50954,student
yahavcohe,student
tamar_678,student
mohamad_amaria,student
adan_shgor,student
haya_amaria,student
rayan_zubedat,student
jalalhigaze,student
shahed_naarani,student
lmar_amaria,student
fatema_ky,student
merazubidat,student
osyma_somri,student
safa69319,student
fatimah_saadi,student
snabl_ama,student
ghidaa_amrya,student
alon260110,student
mahshevonie,student
qukryw-cejna3-bydcoq,student
bar1243,student
naturalist55507,student
omer3911,student
halleli_hadad,student
idan1693,student
naamain,student
yuval64725,student
keshetda,student
ronad,student
noyhagay,student
itaipasim,student
ziv_asiag,student
yael67197,student
naturalist153900,student
hiba_zubidat,student
liaa2,student
noor_amarya,student
rimas_hindawi,student
afnan33696,student
naturalist187192,student
shaharp,student
maor6,student
sarah_mae,student
tamara3826,student
yonyrambo81,student
joone1,student
baylsan_amaria,student
naturalist167760,student
talen_amaria,student
layan_amaria,student
mcmm,student
seba_amaria,student
mohammed_hilf,student
seba_hilf,student
naturalist155967,student
naturalist125773,student
shira71415,student
yarden2180,student
itamar_avitan121008,student
amitdebeer,student
dana13452,student
noam77112,student
shirasharon,student
tomfirst,student
lior_goldenberg,student
naturalist172614,student
yuvalhi,student
evyatar_frider,student
jaub8wxg,student
naturalist139078,student
uriyaron1,student
tom58492,student
saardavid,student
aviv_priel,student
ghazl_abokmeer,student
mais_jawames,student
noran_rmehat,student
taki_amarya,student
bruria,community
naturalist85243,community
sofikotzev2015,community
asafpeled,community
danimor,community
eliahu,community
racheli3,community
ronitbs,community
orith,community
shavit,community
levilan3,community
naturalist100252,community
tal42,community
michael-fradkin,community
liora7,community
naturalist118043,community
idoamarhadany,community
miri91890,community
ilanbar,community
efrat5,community
PINCHS1,community
ruth52986,community
leororen,community
saraischet2,community
,
,
,
,
,
,
,
,
,
,
,
,
,
,
,
,
,
,
,
,
,
,
,
,
,
,
,
,
,
,
,
,
,
,
,
,
,
,
,
,
,
,
,
,
,
,
,
,
,
,
,
,
,
,
,
,
,
,
,
,
,
,
,
,
,
,
,
,
,
,
,
,
,
,
,
,
,
,
,
,
,
,
,
,
,
,
,
,
,
,
,
,
,
,
,
,
,
,
,
,
,
,
,
,
,
,
,
,
,
,
,
,
,
,
,
,
,
,
,
,
,
,
,
,
,
,
,
,
,
,
,
,
,
,
,
,
,
,
,
,
,
,
,
,
,
,
,
,
,
,
,
,
,
,
,
,
,
,
,
,
,
,
,
,
,
,
,
,
,
,
,
,
,
,
,
,
,
,
,
,
,
,
,
,
,
,
,
,
,
,
,
,
,
,
,
,
,
,
,
,
,
,
,
,
,
,
,
,
,
,
,
,
,
,
,
,
,
,
,
,
,
,
,
,
,
,
,
,
,
,
,
,
,
,
,
,
,
,
,
,
,
,
,
,
,
,
,
,
,
,
,
,
,
,
,
,
,
,
,
,
,
,
,
,
,
,
,
,
,
,
,
,
,
,
,
,
,
,
,
,
,
,
,
,
,
,
,
,
,
,
,
,
,
,
,
,
,
,
,
,
,
,
,
,
,
,
,
,
,
,
,
,
,
,
,
,
,
,
,
,
,
,
,
,
,
,
,
,
,
,
,
,
,
,
,
,
,
,
,
,
,
,
,
,
,
,
,
,
,
,
,
,
,
,
,
,
,
,
,
,
,
,
,
,
,
,
,
,
,
,
,
,
,
,
,
,
,
,
,
,
,
,
,
,
,
,
,
,
,
,
,
,
,
,
,
,
,
,
,
,
,
,
,
,
,
,
,
,
,
,
,
,
,
,
,
,
,
,
,
,
,
,
,
,
,
,
,
,
,
,
,
,
,
,
,
,
,
,
,
,
,
,
,
,
,
,
,
,
,
,
,
,
,
,
,
,
,
,
,
,
,
,
,
,
,
,
,
,
,
,
,
,
,
,
,
,
,
,
,
,
,
,
,
,
,
,
,
,
,
,
,
,
,
,
,
,
,
,
,
,
,
,
,
,
,
,
,
,
,
,
,
,
,
,
,
,
,
,
,
,
,
,
,
,
,
,
,
,
,
,
,
,
,
,
,
,
,
,
,
,
,
,
,
,
,
,
,
,
,
,
,
,
,
,
,
,
,
,
,
,
,
,
,
,
,
,
,
,
,
,
,
,
,
,
,
,
,
,
,
,
,
,
,
,
,
,
,
,
,
,
,
,
,
,
,
,
,
,
,
,
,
,
,
,
,
,
,
,
,
,
,
,
,
,
,
,
,
,
,
,
,
,
,
,
,
,
,
,
,
,
,
,
,
,
,
,
,
,
,
,
,
,
,
,
,
,
,
,
,
,
,
,
,
,
,
,
,
,
,
,
,
,
,
,
,
,
,
,
,
,
,
,
,
,
,
,
,
,
,
,
,
,
,
,
,
,
,
,
,
,
,
,
,
,
,
,
,
,
,
,
,
,
,
,
,
,
,
,
,
,
,
,
,
,
,
,
,
,
,
,
,
,
,
,
,
,
,
,
,
,
,
,
,
,
,
,
,
,
,
,
,
,
,
,
,
,
,
,
,
,
,
,
,
,
,
,
,
,
,
,
,
,
,
,
,
,
,
,
,
,
,
,
,
,
,
,
,
,
,
,
,
,
,
,
,
,
,
,
,
,
,
,
,
,
,
,
,
,
,
,
,
,
,
,
,
,
,
,
,
,
,
,
,
,
,
,
,
,
,
,
,
,
,
,
,
,
,
,
,
,
,
,
,
,
,
,
,
,
,
,
,
,
,
,
,
,
,
,
,
,
,
,
,
,
,
,
,
,
,
,
,
,
,
,
,
,
,
,
,
,
,
,
,
